Confrontation,Name,i7_RUDI,index_i7,i5_RUDI,index_i5
F_graminearumINRA349_F_graminearumINRA349,C1,i7RUDI-481,GTTCGACAAT,i5RUDI-481,AAGAGGAGAT
F_graminearumINRA349_F_graminearumINRA349,C2,i7RUDI-482,TGGTAGGTGG,i5RUDI-482,CCATGAGTCG
F_graminearumINRA349_F_graminearumINRA812,C3,i7RUDI-483,GTAACCGATC,i5RUDI-483,TGCGATACGC
F_graminearumINRA349_F_graminearumINRA812,C4,i7RUDI-484,CACCTCACCA,i5RUDI-484,GTTCTCCATA
F_graminearumINRA812_F_graminearumINRA812,C5,i7RUDI-485,CCTGATTGTT,i5RUDI-485,CCTTGGAGCT
F_graminearumINRA812_F_graminearumINRA812,C6,i7RUDI-486,TGCACACCAG,i5RUDI-486,AGACGGTTGG
F_graminearumINRA349_F_verticillioidesINRA63,C9,i7RUDI-489,AGCCTGTATT,i5RUDI-489,TAGCATCGAT
F_graminearumINRA349_F_verticillioidesINRA63,C10,i7RUDI-490,GAAGGCAACG,i5RUDI-490,CGTATCTGCG
F_verticillioidesINRA63_F_verticillioidesINRA63,C17,i7RUDI-497,TTCAATCGCT,i5RUDI-497,AATTGCGCAT
F_verticillioidesINRA63_F_verticillioidesINRA63,C18,i7RUDI-498,TTGGCCAATG,i5RUDI-498,TTAATCCTCG
F_graminearumINRA156_F_graminearumINRA156,C23,i7RUDI-503,GCATAAGCGC,i5RUDI-503,TCCTGTCAAC
F_graminearumINRA156_F_graminearumINRA156,C24,i7RUDI-504,AGGAGGCGTA,i5RUDI-504,CACGCTGTCA
F_graminearumINRA349_F_graminearumINRA156,C25,i7RUDI-505,CGTACTCATT,i5RUDI-505,GTACCTTGTT
F_graminearumINRA349_F_graminearumINRA156,C26,i7RUDI-506,TAAGCGCGCT,i5RUDI-506,TACCGGTGGT
F_graminearumINRA349,C27,i7RUDI-507,AGACTACTTG,i5RUDI-507,AGGTGTTACG
F_graminearumINRA349,C28,i7RUDI-508,TACGCAGTGC,i5RUDI-508,CTAGGTTGAC
F_graminearumINRA812,C29,i7RUDI-509,GCGCTTACAA,i5RUDI-509,GCCTAGATTA
F_graminearumINRA812,C30,i7RUDI-510,ATTCCGATCT,i5RUDI-510,TATCAACTGG
F_graminearumINRA156,C31,i7RUDI-511,CGTGTAGCCT,i5RUDI-511,TTGGAATGGT
F_graminearumINRA156,C32,i7RUDI-512,CCTCCTCTTG,i5RUDI-512,GACAATAACG
F_verticillioidesINRA63,C39,i7RUDI-519,TCCTCCGTCA,i5RUDI-519,GCAGGCTTAA
F_verticillioidesINRA63,C40,i7RUDI-520,GTATGTCGCT,i5RUDI-520,CGAGTACAGG